{
  "version": 1,
  "author": "Tabby Mungai",
  "editor": "wokwi",
  "parts": [
    { "type": "wokwi-breadboard-half", "id": "bb1", "top": 208.2, "left": 137.2, "attrs": {} },
    { "type": "wokwi-arduino-uno", "id": "uno", "top": -18.6, "left": 162.6, "attrs": {} },
    {
      "type": "wokwi-lcd1602",
      "id": "lcd1",
      "top": 102.4,
      "left": 504.8,
      "attrs": { "pins": "i2c" }
    },
    { "type": "wokwi-potentiometer", "id": "pot1", "top": 94.7, "left": 57.4, "attrs": {} },
    {
      "type": "wokwi-slide-potentiometer",
      "id": "pot2",
      "top": 245,
      "left": 171.8,
      "attrs": { "travelLength": "30" }
    },
    {
      "type": "wokwi-pushbutton",
      "id": "btn1",
      "top": -70.6,
      "left": 345.6,
      "attrs": { "color": "green", "xray": "1" }
    },
    {
      "type": "wokwi-pushbutton",
      "id": "btn2",
      "top": 255.8,
      "left": 403.2,
      "attrs": { "color": "green", "xray": "1" }
    }
  ],
  "connections": [
    [ "uno:GND.3", "bb1:tn.17", "black", [ "v0" ] ],
    [ "uno:5V", "bb1:tp.15", "red", [ "v47.9", "h-5.8" ] ],
    [ "uno:A4", "lcd1:SDA", "green", [ "v19.1", "h81", "v-38.4" ] ],
    [ "uno:A5", "lcd1:SCL", "green", [ "v9.5", "h61.9", "v-19.2" ] ],
    [ "bb1:tp.25", "lcd1:VCC", "green", [ "v-9.3", "h59.2", "v-67.2" ] ],
    [ "bb1:tn.25", "lcd1:GND", "green", [ "v-0.1", "h40", "v-96" ] ],
    [ "bb1:tp.5", "pot1:VCC", "green", [ "v-28.5", "h-104" ] ],
    [ "bb1:tn.1", "pot1:GND", "green", [ "v-9.7", "h-104" ] ],
    [ "uno:A0", "pot1:SIG", "green", [ "v28.7", "h-274.6", "v-38.4" ] ],
    [ "pot2:VCC", "bb1:tp.3", "red", [ "h-19.2", "v-67.2" ] ],
    [ "pot2:GND", "bb1:tn.19", "black", [ "v-57.6", "h-52.4" ] ],
    [ "pot2:SIG", "uno:A1", "green", [ "h-19.2", "v76", "h240", "v-172.8", "h-48" ] ],
    [ "pot2:VCC", "bb1:2t.d", "", [ "$bb" ] ],
    [ "btn1:1.l", "uno:2", "green", [ "h-38.4", "v38.4", "h96" ] ],
    [ "btn1:2.r", "uno:GND.1", "green", [ "h29", "v-38.2", "h-163.2" ] ],
    [ "btn2:1.l", "uno:3", "green", [ "h0" ] ],
    [ "btn2:2.r", "bb1:tn.22", "green", [ "h29", "v-47.8", "h-86.4" ] ],
    [ "btn2:1.l", "bb1:26t.b", "", [ "$bb" ] ],
    [ "btn2:2.l", "bb1:26t.d", "", [ "$bb" ] ]
  ],
  "dependencies": {}
}